"1";"16";"11";"2015-12-17 14:59:04.354"
"1";"6";"8";"2015-12-17 14:59:04.351"
"1";"5";"35";"2015-12-17 14:59:04.354"
"1";"5";"38";"2015-12-17 14:59:05.878"
"1";"16";"8";"2015-12-17 14:59:06.028"
"1";"6";"22";"2015-12-17 14:59:06.542"
"1";"5";"47";"2015-12-17 14:59:07.395"
"1";"16";"1";"2015-12-17 14:59:07.695"
"1";"6";"40";"2015-12-17 14:59:08.723"
"1";"16";"11";"2015-12-17 14:59:09.369"
"1";"5";"12";"2015-12-17 14:59:09.372"
"1";"6";"37";"2015-12-17 14:59:09.369"
"1";"6";"42";"2015-12-17 14:59:10.878"
"1";"16";"5";"2015-12-17 14:59:10.91"
"1";"5";"2";"2015-12-17 14:59:11.346"
"1";"6";"24";"2015-12-17 14:59:12.383"
"1";"16";"9";"2015-12-17 14:59:12.447"
"1";"5";"3";"2015-12-17 14:59:13.321"
"1";"6";"8";"2015-12-17 15:01:46.477"
"1";"16";"11";"2015-12-17 15:01:46.476"
"1";"5";"35";"2015-12-17 15:01:46.476"
"1";"6";"22";"2015-12-17 15:01:47.887"
"1";"16";"8";"2015-12-17 15:01:48.732"
"1";"6";"40";"2015-12-17 15:01:49.285"
"1";"5";"38";"2015-12-17 15:01:49.322"
"1";"6";"37";"2015-12-17 15:01:50.708"
"1";"5";"12";"2015-12-17 15:01:50.708"
"1";"16";"11";"2015-12-17 15:01:50.719"
"1";"16";"1";"2015-12-17 15:01:50.975"
"1";"5";"47";"2015-12-17 15:01:52.155"
"1";"6";"42";"2015-12-17 15:01:52.693"
"1";"5";"2";"2015-12-17 15:01:52.969"
"1";"16";"5";"2015-12-17 15:01:53.038"
"1";"6";"24";"2015-12-17 15:01:54.676"
"1";"5";"3";"2015-12-17 15:01:55.229"
"1";"16";"9";"2015-12-17 15:01:55.357"
"1";"5";"35";"2015-12-17 15:06:34.821"
"1";"16";"11";"2015-12-17 15:06:34.821"
"1";"6";"8";"2015-12-17 15:06:34.821"
"1";"5";"38";"2015-12-17 15:06:36.38"
"1";"16";"8";"2015-12-17 15:06:37.346"
"1";"6";"22";"2015-12-17 15:06:37.598"
"1";"5";"47";"2015-12-17 15:06:37.925"
"1";"16";"11";"2015-12-17 15:06:39.527"
"1";"6";"37";"2015-12-17 15:06:39.546"
"1";"6";"26";"2015-12-17 15:06:39.546"
"1";"16";"11";"2015-12-17 15:06:39.546"
"1";"16";"1";"2015-12-17 15:06:39.858"
"1";"16";"11";"2015-12-17 15:06:39.592"
"1";"5";"36";"2015-12-17 15:06:39.592"
"1";"5";"12";"2015-12-17 15:06:39.567"
"1";"16";"11";"2015-12-17 15:06:39.594"
"1";"6";"38";"2015-12-17 15:06:39.598"
"1";"16";"11";"2015-12-17 15:06:39.599"
"1";"6";"2";"2015-12-17 15:06:39.599"
"1";"5";"26";"2015-12-17 15:06:39.6"
"1";"5";"13";"2015-12-17 15:06:39.6"
"1";"16";"11";"2015-12-17 15:06:39.652"
"1";"6";"28";"2015-12-17 15:06:39.657"
"1";"5";"32";"2015-12-17 15:06:39.655"
"1";"5";"5";"2015-12-17 15:06:39.655"
"1";"6";"14";"2015-12-17 15:06:39.657"
"1";"5";"22";"2015-12-17 15:06:39.704"
"1";"16";"11";"2015-12-17 15:06:39.684"
"1";"6";"20";"2015-12-17 15:06:39.707"
"1";"6";"8";"2015-12-17 15:06:39.706"
"1";"6";"23";"2015-12-17 15:06:39.711"
"1";"16";"11";"2015-12-17 15:06:39.707"
"1";"5";"45";"2015-12-17 15:06:39.707"
"1";"16";"11";"2015-12-17 15:06:39.707"
"1";"6";"27";"2015-12-17 15:06:39.791"
"1";"16";"11";"2015-12-17 15:06:39.807"
"1";"6";"27";"2015-12-17 15:06:39.805"
"1";"16";"11";"2015-12-17 15:06:39.812"
"1";"5";"31";"2015-12-17 15:06:39.812"
"1";"5";"0";"2015-12-17 15:06:39.708"
"1";"5";"32";"2015-12-17 15:06:39.806"
"1";"6";"4";"2015-12-17 15:06:39.818"
"1";"6";"47";"2015-12-17 15:06:39.828"
"1";"16";"11";"2015-12-17 15:06:39.845"
"1";"5";"7";"2015-12-17 15:06:39.856"
"1";"16";"11";"2015-12-17 15:06:39.872"
"1";"16";"11";"2015-12-17 15:06:39.888"
"1";"6";"33";"2015-12-17 15:06:39.89"
"1";"6";"21";"2015-12-17 15:06:39.89"
"1";"6";"34";"2015-12-17 15:06:39.89"
"1";"5";"2";"2015-12-17 15:06:39.89"
"1";"16";"11";"2015-12-17 15:06:39.917"
"1";"16";"11";"2015-12-17 15:06:39.922"
"1";"5";"46";"2015-12-17 15:06:39.907"
"1";"6";"47";"2015-12-17 15:06:39.931"
"1";"6";"7";"2015-12-17 15:06:39.931"
"1";"5";"44";"2015-12-17 15:06:39.932"
"1";"16";"11";"2015-12-17 15:06:39.925"
"1";"5";"45";"2015-12-17 15:06:39.997"
"1";"5";"1";"2015-12-17 15:06:39.997"
"1";"5";"42";"2015-12-17 15:06:39.998"
"1";"16";"11";"2015-12-17 15:06:39.996"
"1";"6";"46";"2015-12-17 15:06:39.997"
"1";"6";"17";"2015-12-17 15:06:39.995"
"1";"6";"3";"2015-12-17 15:06:39.999"
"1";"16";"11";"2015-12-17 15:06:40.044"
"1";"5";"25";"2015-12-17 15:06:40.142"
"1";"6";"15";"2015-12-17 15:06:40.182"
"1";"6";"24";"2015-12-17 15:06:40.181"
"1";"5";"19";"2015-12-17 15:06:40.2"
"1";"16";"11";"2015-12-17 15:06:40.231"
"1";"16";"11";"2015-12-17 15:06:40.252"
"1";"16";"11";"2015-12-17 15:06:40.275"
"1";"5";"25";"2015-12-17 15:06:40.276"
"1";"5";"21";"2015-12-17 15:06:40.278"
"1";"6";"40";"2015-12-17 15:06:40.362"
"1";"5";"1";"2015-12-17 15:06:40.378"
"1";"16";"11";"2015-12-17 15:06:40.382"
"1";"5";"33";"2015-12-17 15:06:40.4"
"1";"16";"11";"2015-12-17 15:06:40.45"
"1";"6";"48";"2015-12-17 15:06:40.482"
"1";"16";"11";"2015-12-17 15:06:40.527"
"1";"16";"11";"2015-12-17 15:06:40.564"
"1";"5";"6";"2015-12-17 15:06:40.576"
"1";"6";"27";"2015-12-17 15:06:40.65"
"1";"5";"35";"2015-12-17 15:06:40.69"
"1";"6";"36";"2015-12-17 15:06:40.714"
"1";"6";"10";"2015-12-17 15:06:40.715"
"1";"5";"40";"2015-12-17 15:06:40.72"
"1";"5";"15";"2015-12-17 15:06:40.721"
"1";"16";"11";"2015-12-17 15:06:40.724"
"1";"5";"38";"2015-12-17 15:06:40.758"
"1";"16";"11";"2015-12-17 15:06:40.765"
"1";"16";"11";"2015-12-17 15:06:40.776"
"1";"6";"43";"2015-12-17 15:06:40.824"
"1";"6";"37";"2015-12-17 15:06:40.824"
"1";"6";"11";"2015-12-17 15:06:40.823"
"1";"5";"41";"2015-12-17 15:06:40.822"
"1";"16";"11";"2015-12-17 15:06:40.825"
"1";"6";"17";"2015-12-17 15:06:40.83"
"1";"16";"11";"2015-12-17 15:06:40.832"
"1";"5";"26";"2015-12-17 15:06:40.831"
"1";"16";"11";"2015-12-17 15:06:40.833"
"1";"5";"15";"2015-12-17 15:06:40.84"
"1";"6";"16";"2015-12-17 15:06:40.977"
"1";"5";"14";"2015-12-17 15:06:40.982"
"1";"16";"8";"2015-12-17 15:06:41.018"
"1";"5";"30";"2015-12-17 15:06:41.02"
"1";"16";"13";"2015-12-17 15:06:41.026"
"1";"16";"3";"2015-12-17 15:06:41.153"
"1";"6";"31";"2015-12-17 15:06:41.179"
"1";"16";"10";"2015-12-17 15:06:41.223"
"1";"16";"6";"2015-12-17 15:06:41.238"
"1";"6";"3";"2015-12-17 15:06:41.34"
"1";"5";"15";"2015-12-17 15:06:41.366"
"1";"5";"3";"2015-12-17 15:06:41.425"
"1";"16";"5";"2015-12-17 15:06:41.473"
"1";"5";"15";"2015-12-17 15:06:41.525"
"1";"5";"10";"2015-12-17 15:06:41.568"
"1";"5";"45";"2015-12-17 15:06:41.577"
"1";"16";"0";"2015-12-17 15:06:41.591"
"1";"16";"4";"2015-12-17 15:06:41.597"
"1";"5";"40";"2015-12-17 15:06:41.611"
"1";"5";"14";"2015-12-17 15:06:41.62"
"1";"16";"12";"2015-12-17 15:06:41.619"
"1";"6";"34";"2015-12-17 15:06:41.619"
"1";"6";"43";"2015-12-17 15:06:41.632"
"1";"5";"3";"2015-12-17 15:06:41.647"
"1";"6";"35";"2015-12-17 15:06:41.649"
"1";"16";"0";"2015-12-17 15:06:41.659"
"1";"6";"14";"2015-12-17 15:06:41.678"
"1";"6";"18";"2015-12-17 15:06:41.69"
"1";"5";"39";"2015-12-17 15:06:41.746"
"1";"6";"6";"2015-12-17 15:06:41.767"
"1";"5";"10";"2015-12-17 15:06:41.802"
"1";"16";"2";"2015-12-17 15:06:41.804"
"1";"6";"25";"2015-12-17 15:06:41.869"
"1";"16";"1";"2015-12-17 15:06:41.885"
"1";"6";"5";"2015-12-17 15:06:41.885"
"1";"16";"8";"2015-12-17 15:06:41.908"
"1";"5";"25";"2015-12-17 15:06:41.919"
"1";"6";"42";"2015-12-17 15:06:41.923"
"1";"6";"43";"2015-12-17 15:06:41.955"
"1";"6";"49";"2015-12-17 15:06:41.965"
"1";"6";"38";"2015-12-17 15:06:41.97"
"1";"5";"23";"2015-12-17 15:06:41.992"
"1";"6";"34";"2015-12-17 15:06:41.995"
"1";"16";"13";"2015-12-17 15:06:42.036"
"1";"6";"18";"2015-12-17 15:06:42.05"
"1";"16";"12";"2015-12-17 15:06:42.054"
"1";"16";"5";"2015-12-17 15:06:42.057"
"1";"5";"43";"2015-12-17 15:06:42.061"
"1";"5";"44";"2015-12-17 15:06:42.084"
"1";"16";"3";"2015-12-17 15:06:42.127"
"1";"6";"21";"2015-12-17 15:06:42.154"
"1";"16";"0";"2015-12-17 15:06:42.199"
"1";"5";"0";"2015-12-17 15:06:42.207"
"1";"5";"21";"2015-12-17 15:06:42.289"
"1";"16";"7";"2015-12-17 15:06:42.321"
"1";"16";"8";"2015-12-17 15:06:42.329"
"1";"5";"32";"2015-12-17 15:06:42.33"
"1";"6";"28";"2015-12-17 15:06:42.335"
"1";"6";"35";"2015-12-17 15:06:42.376"
"1";"5";"0";"2015-12-17 15:06:42.381"
"1";"16";"5";"2015-12-17 15:06:42.401"
"1";"5";"29";"2015-12-17 15:06:42.418"
"1";"6";"48";"2015-12-17 15:06:42.423"
"1";"6";"9";"2015-12-17 15:06:42.423"
"1";"16";"3";"2015-12-17 15:06:42.424"
"1";"16";"15";"2015-12-17 15:06:42.446"
"1";"16";"14";"2015-12-17 15:06:42.457"
"1";"16";"14";"2015-12-17 15:06:42.463"
"1";"6";"20";"2015-12-17 15:06:42.476"
"1";"16";"11";"2015-12-17 15:06:42.494"
"1";"6";"23";"2015-12-17 15:06:42.525"
"1";"6";"14";"2015-12-17 15:06:42.543"
"1";"6";"27";"2015-12-17 15:06:42.597"
"1";"5";"17";"2015-12-17 15:06:42.621"
"1";"5";"1";"2015-12-17 15:06:42.648"
"1";"16";"5";"2015-12-17 15:06:42.679"
"1";"5";"2";"2015-12-17 15:06:42.682"
"1";"6";"11";"2015-12-17 15:06:42.7"
"1";"5";"5";"2015-12-17 15:06:42.711"
"1";"5";"42";"2015-12-17 15:06:42.735"
"1";"5";"28";"2015-12-17 15:06:42.749"
"1";"5";"6";"2015-12-17 15:06:42.755"
"1";"6";"36";"2015-12-17 15:06:42.765"
"1";"6";"45";"2015-12-17 15:06:42.771"
"1";"5";"41";"2015-12-17 15:06:42.784"
"1";"16";"11";"2015-12-17 15:06:42.796"
"1";"6";"7";"2015-12-17 15:06:42.803"
"1";"16";"11";"2015-12-17 15:06:42.802"
"1";"6";"7";"2015-12-17 15:06:42.837"
"1";"16";"6";"2015-12-17 15:06:42.861"
"1";"16";"6";"2015-12-17 15:06:42.863"
"1";"5";"1";"2015-12-17 15:06:42.864"
"1";"6";"20";"2015-12-17 15:06:42.87"
"1";"16";"15";"2015-12-17 15:06:42.893"
"1";"6";"44";"2015-12-17 15:06:42.899"
"1";"6";"26";"2015-12-17 15:06:42.914"
"1";"16";"3";"2015-12-17 15:06:42.927"
"1";"16";"4";"2015-12-17 15:06:42.951"
"1";"16";"15";"2015-12-17 15:06:42.965"
"1";"5";"26";"2015-12-17 15:06:42.985"
"1";"5";"44";"2015-12-17 15:06:43.007"
"1";"16";"8";"2015-12-17 15:06:43.024"
"1";"16";"10";"2015-12-17 15:06:43.063"
"1";"5";"29";"2015-12-17 15:06:43.073"
"1";"5";"17";"2015-12-17 15:06:43.088"
"1";"5";"38";"2015-12-17 15:06:43.089"
"1";"5";"12";"2015-12-17 15:06:43.152"
"1";"5";"19";"2015-12-17 15:06:43.166"
"1";"5";"44";"2015-12-17 15:06:43.172"
"1";"5";"30";"2015-12-17 15:06:43.237"
"1";"16";"0";"2015-12-17 15:06:43.24"
"1";"16";"1";"2015-12-17 15:06:43.255"
"1";"6";"21";"2015-12-17 15:06:43.257"
"1";"5";"35";"2015-12-17 15:06:43.261"
"1";"16";"10";"2015-12-17 15:06:43.265"
"1";"6";"12";"2015-12-17 15:06:43.28"
"1";"5";"33";"2015-12-17 15:06:43.305"
"1";"6";"15";"2015-12-17 15:06:43.312"
"1";"5";"47";"2015-12-17 15:06:43.315"
"1";"16";"10";"2015-12-17 15:06:43.335"
"1";"16";"13";"2015-12-17 15:06:43.365"
"1";"6";"39";"2015-12-17 15:06:43.373"
"1";"6";"17";"2015-12-17 15:06:43.397"
"1";"16";"9";"2015-12-17 15:06:43.426"
"1";"6";"47";"2015-12-17 15:06:43.432"
"1";"5";"12";"2015-12-17 15:06:43.459"
"1";"6";"47";"2015-12-17 15:06:43.481"
"1";"5";"37";"2015-12-17 15:06:43.513"
"1";"6";"30";"2015-12-17 15:06:43.553"
"1";"16";"8";"2015-12-17 15:06:43.567"
"1";"5";"24";"2015-12-17 15:06:43.574"
"1";"6";"9";"2015-12-17 15:06:43.604"
"1";"16";"12";"2015-12-17 15:06:43.607"
"1";"5";"34";"2015-12-17 15:06:43.622"
"1";"16";"15";"2015-12-17 15:06:43.623"
"1";"5";"22";"2015-12-17 15:06:43.638"
"1";"16";"12";"2015-12-17 15:06:43.773"
"1";"6";"43";"2015-12-17 15:06:43.789"
"1";"16";"13";"2015-12-17 15:06:43.789"
"1";"6";"21";"2015-12-17 15:06:43.798"
"1";"6";"17";"2015-12-17 15:06:43.805"
"1";"5";"1";"2015-12-17 15:06:43.885"
"1";"6";"16";"2015-12-17 15:06:43.931"
"1";"6";"43";"2015-12-17 15:06:43.942"
"1";"5";"30";"2015-12-17 15:06:44.005"
"1";"6";"16";"2015-12-17 15:06:44.022"
"1";"5";"2";"2015-12-17 15:06:44.186"
"1";"6";"11";"2015-12-17 15:06:44.21"
"1";"6";"24";"2015-12-17 15:06:44.259"
"1";"6";"38";"2015-12-17 15:06:44.435"
"1";"16";"7";"2015-12-17 15:06:44.439"
"1";"5";"21";"2015-12-17 15:06:44.525"
"1";"16";"4";"2015-12-17 15:06:44.533"
"1";"6";"8";"2015-12-17 15:06:44.563"
"1";"6";"48";"2015-12-17 15:06:44.686"
"1";"16";"6";"2015-12-17 15:06:44.694"
"1";"5";"33";"2015-12-17 15:06:44.695"
"1";"5";"25";"2015-12-17 15:06:44.694"
"1";"5";"39";"2015-12-17 15:06:44.701"
"1";"5";"17";"2015-12-17 15:06:44.721"
"1";"5";"25";"2015-12-17 15:06:44.764"
"1";"5";"39";"2015-12-17 15:06:44.852"
"1";"6";"33";"2015-12-17 15:06:44.865"
"1";"16";"2";"2015-12-17 15:06:44.866"
"1";"16";"5";"2015-12-17 15:06:44.96"
"1";"16";"13";"2015-12-17 15:06:44.97"
"1";"6";"11";"2015-12-17 15:06:44.969"
"1";"16";"12";"2015-12-17 15:06:45.039"
"1";"6";"34";"2015-12-17 15:06:45.069"
"1";"6";"6";"2015-12-17 15:06:45.208"
"1";"16";"9";"2015-12-17 15:06:45.218"
"1";"16";"8";"2015-12-17 15:06:45.305"
"1";"6";"6";"2015-12-17 15:06:45.316"
"1";"5";"49";"2015-12-17 15:06:45.346"
"1";"6";"44";"2015-12-17 15:06:45.367"
"1";"5";"3";"2015-12-17 15:06:45.386"
"1";"6";"1";"2015-12-17 15:06:45.534"
"1";"5";"47";"2015-12-17 15:06:45.536"
"1";"16";"14";"2015-12-17 15:06:45.535"
"1";"5";"34";"2015-12-17 15:06:45.535"
"1";"5";"20";"2015-12-17 15:06:45.592"
"1";"6";"26";"2015-12-17 15:06:45.608"
"1";"16";"13";"2015-12-17 15:06:45.613"
"1";"6";"24";"2015-12-17 15:06:45.694"
"1";"16";"15";"2015-12-17 15:06:45.74"
"1";"5";"6";"2015-12-17 15:06:45.738"
"1";"5";"25";"2015-12-17 15:06:45.776"
"1";"5";"29";"2015-12-17 15:06:45.786"
"1";"16";"3";"2015-12-17 15:06:45.808"
"1";"16";"3";"2015-12-17 15:06:45.869"
"1";"6";"38";"2015-12-17 15:06:46.15"
"1";"5";"7";"2015-12-17 15:06:46.192"
"1";"16";"4";"2015-12-17 15:06:46.255"
"1";"16";"6";"2015-12-17 15:06:46.28"
"1";"5";"17";"2015-12-17 15:06:46.489"
"1";"6";"20";"2015-12-17 15:06:46.513"
"1";"6";"8";"2015-12-17 15:09:00.901"
"1";"16";"11";"2015-12-17 15:09:00.901"
"1";"5";"35";"2015-12-17 15:09:00.901"
"1";"16";"8";"2015-12-17 15:09:02.773"
"1";"6";"22";"2015-12-17 15:09:03.48"
"1";"5";"38";"2015-12-17 15:09:03.649"
"1";"16";"1";"2015-12-17 15:09:04.635"
"1";"6";"40";"2015-12-17 15:09:06.049"
"1";"5";"47";"2015-12-17 15:09:06.387"
"1";"16";"11";"2015-12-17 15:09:06.529"
"1";"5";"36";"2015-12-17 15:09:06.543"
"1";"16";"11";"2015-12-17 15:09:06.543"
"1";"6";"37";"2015-12-17 15:09:06.543"
"1";"6";"15";"2015-12-17 15:09:06.543"
"1";"16";"11";"2015-12-17 15:09:06.543"
"1";"5";"13";"2015-12-17 15:09:06.543"
"1";"6";"14";"2015-12-17 15:09:06.544"
"1";"5";"1";"2015-12-17 15:09:06.544"
"1";"16";"11";"2015-12-17 15:09:06.545"
"1";"5";"12";"2015-12-17 15:09:06.546"
"1";"6";"38";"2015-12-17 15:09:06.545"
"1";"5";"42";"2015-12-17 15:09:06.545"
"1";"5";"25";"2015-12-17 15:09:06.572"
"1";"16";"11";"2015-12-17 15:09:06.575"
"1";"6";"3";"2015-12-17 15:09:06.576"
"1";"6";"27";"2015-12-17 15:09:06.574"
"1";"6";"4";"2015-12-17 15:09:06.582"
"1";"16";"11";"2015-12-17 15:09:06.588"
"1";"5";"7";"2015-12-17 15:09:06.573"
"1";"16";"11";"2015-12-17 15:09:06.602"
"1";"6";"26";"2015-12-17 15:09:06.604"
"1";"5";"31";"2015-12-17 15:09:06.605"
"1";"6";"33";"2015-12-17 15:09:06.605"
"1";"6";"2";"2015-12-17 15:09:06.622"
"1";"5";"2";"2015-12-17 15:09:06.624"
"1";"16";"11";"2015-12-17 15:09:06.627"
"1";"5";"32";"2015-12-17 15:09:06.711"
"1";"5";"26";"2015-12-17 15:09:06.718"
"1";"6";"27";"2015-12-17 15:09:06.662"
"1";"6";"28";"2015-12-17 15:09:06.732"
"1";"16";"11";"2015-12-17 15:09:06.736"
"1";"16";"11";"2015-12-17 15:09:06.737"
"1";"16";"11";"2015-12-17 15:09:06.779"
"1";"5";"32";"2015-12-17 15:09:06.742"
"1";"16";"11";"2015-12-17 15:09:06.86"
"1";"16";"11";"2015-12-17 15:09:06.86"
"1";"6";"7";"2015-12-17 15:09:06.915"
"1";"5";"25";"2015-12-17 15:09:06.915"
"1";"6";"46";"2015-12-17 15:09:06.933"
"1";"6";"23";"2015-12-17 15:09:06.919"
"1";"16";"11";"2015-12-17 15:09:06.957"
"1";"6";"48";"2015-12-17 15:09:06.967"
"1";"5";"19";"2015-12-17 15:09:06.959"
"1";"6";"47";"2015-12-17 15:09:06.985"
"1";"6";"17";"2015-12-17 15:09:06.989"
"1";"6";"47";"2015-12-17 15:09:06.992"
"1";"6";"21";"2015-12-17 15:09:06.997"
"1";"16";"11";"2015-12-17 15:09:06.999"
"1";"5";"44";"2015-12-17 15:09:07.006"
"1";"16";"11";"2015-12-17 15:09:07.004"
"1";"16";"11";"2015-12-17 15:09:07.019"
"1";"6";"24";"2015-12-17 15:09:07.008"
"1";"16";"11";"2015-12-17 15:09:07.023"
"1";"16";"11";"2015-12-17 15:09:07.023"
"1";"5";"41";"2015-12-17 15:09:07.023"
"1";"5";"15";"2015-12-17 15:09:07.024"
"1";"6";"20";"2015-12-17 15:09:07.028"
"1";"5";"35";"2015-12-17 15:09:07.082"
"1";"16";"11";"2015-12-17 15:09:07.026"
"1";"16";"11";"2015-12-17 15:09:07.087"
"1";"16";"11";"2015-12-17 15:09:07.086"
"1";"6";"34";"2015-12-17 15:09:07.088"
"1";"6";"36";"2015-12-17 15:09:07.088"
"1";"5";"26";"2015-12-17 15:09:07.237"
"1";"6";"17";"2015-12-17 15:09:07.238"
"1";"16";"11";"2015-12-17 15:09:07.238"
"1";"5";"21";"2015-12-17 15:09:07.24"
"1";"16";"11";"2015-12-17 15:09:07.242"
"1";"16";"11";"2015-12-17 15:09:07.238"
"1";"5";"5";"2015-12-17 15:09:07.237"
"1";"5";"1";"2015-12-17 15:09:07.237"
"1";"6";"8";"2015-12-17 15:09:07.238"
"1";"6";"11";"2015-12-17 15:09:07.236"
"1";"5";"40";"2015-12-17 15:09:07.237"
"1";"5";"38";"2015-12-17 15:09:07.243"
"1";"5";"6";"2015-12-17 15:09:07.088"
"1";"5";"45";"2015-12-17 15:09:07.244"
"1";"16";"11";"2015-12-17 15:09:07.088"
"1";"5";"46";"2015-12-17 15:09:07.244"
"1";"16";"11";"2015-12-17 15:09:07.089"
"1";"6";"16";"2015-12-17 15:09:07.244"
"1";"5";"14";"2015-12-17 15:09:07.244"
"1";"6";"43";"2015-12-17 15:09:07.244"
"1";"6";"27";"2015-12-17 15:09:07.089"
"1";"16";"11";"2015-12-17 15:09:07.246"
"1";"5";"45";"2015-12-17 15:09:07.245"
"1";"16";"11";"2015-12-17 15:09:07.243"
"1";"5";"22";"2015-12-17 15:09:07.244"
"1";"5";"0";"2015-12-17 15:09:07.245"
"1";"5";"15";"2015-12-17 15:09:07.244"
"1";"5";"33";"2015-12-17 15:09:07.245"
"1";"6";"10";"2015-12-17 15:09:07.244"
"1";"16";"11";"2015-12-17 15:09:07.25"
"1";"16";"11";"2015-12-17 15:09:07.296"
"1";"6";"37";"2015-12-17 15:09:07.295"
"1";"16";"11";"2015-12-17 15:09:07.295"
"1";"5";"44";"2015-12-17 15:09:07.704"
"1";"16";"10";"2015-12-17 15:09:07.755"
"1";"5";"6";"2015-12-17 15:09:07.773"
"1";"6";"7";"2015-12-17 15:09:07.942"
"1";"16";"0";"2015-12-17 15:09:08.032"
"1";"16";"13";"2015-12-17 15:09:08.073"
"1";"5";"30";"2015-12-17 15:09:08.093"
"1";"6";"20";"2015-12-17 15:09:08.125"
"1";"16";"8";"2015-12-17 15:09:08.168"
"1";"6";"28";"2015-12-17 15:09:08.179"
"1";"6";"6";"2015-12-17 15:09:08.225"
"1";"16";"4";"2015-12-17 15:09:08.245"
"1";"5";"17";"2015-12-17 15:09:08.252"
"1";"16";"1";"2015-12-17 15:09:08.29"
"1";"6";"47";"2015-12-17 15:09:08.301"
"1";"5";"0";"2015-12-17 15:09:08.314"
"1";"16";"0";"2015-12-17 15:09:08.336"
"1";"16";"10";"2015-12-17 15:09:08.354"
"1";"5";"38";"2015-12-17 15:09:08.372"
"1";"5";"39";"2015-12-17 15:09:08.386"
"1";"6";"43";"2015-12-17 15:09:08.395"
"1";"5";"1";"2015-12-17 15:09:08.4"
"1";"5";"15";"2015-12-17 15:09:08.417"
"1";"6";"18";"2015-12-17 15:09:08.447"
"1";"6";"34";"2015-12-17 15:09:08.481"
"1";"6";"25";"2015-12-17 15:09:08.488"
"1";"6";"18";"2015-12-17 15:09:08.51"
"1";"5";"3";"2015-12-17 15:09:08.581"
"1";"5";"34";"2015-12-17 15:09:08.584"
"1";"5";"10";"2015-12-17 15:09:08.599"
"1";"6";"48";"2015-12-17 15:09:08.602"
"1";"16";"3";"2015-12-17 15:09:08.602"
"1";"16";"8";"2015-12-17 15:09:08.617"
"1";"16";"5";"2015-12-17 15:09:08.618"
"1";"16";"6";"2015-12-17 15:09:08.678"
"1";"6";"21";"2015-12-17 15:09:08.758"
"1";"16";"13";"2015-12-17 15:09:08.779"
"1";"5";"34";"2015-12-17 15:09:08.808"
"1";"6";"36";"2015-12-17 15:09:08.817"
"1";"16";"0";"2015-12-17 15:09:08.832"
"1";"5";"44";"2015-12-17 15:09:08.833"
"1";"5";"6";"2015-12-17 15:09:08.835"
"1";"16";"3";"2015-12-17 15:09:08.845"
"1";"5";"3";"2015-12-17 15:09:08.878"
"1";"6";"27";"2015-12-17 15:09:08.882"
"1";"16";"14";"2015-12-17 15:09:08.904"
"1";"16";"14";"2015-12-17 15:09:08.917"
"1";"6";"45";"2015-12-17 15:09:08.935"
"1";"5";"32";"2015-12-17 15:09:08.948"
"1";"6";"5";"2015-12-17 15:09:08.982"
"1";"6";"14";"2015-12-17 15:09:08.992"
"1";"5";"15";"2015-12-17 15:09:09.002"
"1";"5";"41";"2015-12-17 15:09:09.003"
"1";"5";"10";"2015-12-17 15:09:09.011"
"1";"16";"6";"2015-12-17 15:09:09.068"
"1";"16";"3";"2015-12-17 15:09:09.082"
"1";"16";"15";"2015-12-17 15:09:09.082"
"1";"5";"25";"2015-12-17 15:09:09.085"
"1";"16";"11";"2015-12-17 15:09:09.085"
"1";"16";"10";"2015-12-17 15:09:09.091"
"1";"6";"14";"2015-12-17 15:09:09.133"
"1";"6";"24";"2015-12-17 15:09:09.144"
"1";"16";"10";"2015-12-17 15:09:09.151"
"1";"6";"42";"2015-12-17 15:09:09.154"
"1";"16";"2";"2015-12-17 15:09:09.157"
"1";"16";"5";"2015-12-17 15:09:09.159"
"1";"5";"2";"2015-12-17 15:09:09.181"
"1";"6";"20";"2015-12-17 15:09:09.204"
"1";"16";"6";"2015-12-17 15:09:09.231"
"1";"16";"5";"2015-12-17 15:09:09.239"
"1";"5";"25";"2015-12-17 15:09:09.256"
"1";"16";"15";"2015-12-17 15:09:09.257"
"1";"16";"12";"2015-12-17 15:09:09.26"
"1";"5";"0";"2015-12-17 15:09:09.267"
"1";"6";"48";"2015-12-17 15:09:09.281"
"1";"16";"13";"2015-12-17 15:09:09.286"
"1";"6";"23";"2015-12-17 15:09:09.311"
"1";"16";"13";"2015-12-17 15:09:09.336"
"1";"6";"43";"2015-12-17 15:09:09.343"
"1";"5";"26";"2015-12-17 15:09:09.343"
"1";"16";"11";"2015-12-17 15:09:09.362"
"1";"6";"38";"2015-12-17 15:09:09.366"
"1";"5";"14";"2015-12-17 15:09:09.402"
"1";"6";"38";"2015-12-17 15:09:09.451"
"1";"16";"4";"2015-12-17 15:09:09.464"
"1";"6";"49";"2015-12-17 15:09:09.473"
"1";"6";"31";"2015-12-17 15:09:09.487"
"1";"5";"17";"2015-12-17 15:09:09.49"
"1";"6";"9";"2015-12-17 15:09:09.495"
"1";"16";"12";"2015-12-17 15:09:09.507"
"1";"5";"49";"2015-12-17 15:09:09.508"
"1";"6";"35";"2015-12-17 15:09:09.533"
"1";"5";"19";"2015-12-17 15:09:09.547"
"1";"5";"17";"2015-12-17 15:09:09.557"
"1";"6";"34";"2015-12-17 15:09:09.569"
"1";"5";"29";"2015-12-17 15:09:09.589"
"1";"5";"28";"2015-12-17 15:09:09.615"
"1";"5";"43";"2015-12-17 15:09:09.616"
"1";"6";"44";"2015-12-17 15:09:09.629"
"1";"6";"3";"2015-12-17 15:09:09.632"
"1";"5";"33";"2015-12-17 15:09:09.637"
"1";"16";"8";"2015-12-17 15:09:09.641"
"1";"6";"9";"2015-12-17 15:09:09.655"
"1";"6";"26";"2015-12-17 15:09:09.682"
"1";"16";"8";"2015-12-17 15:09:09.682"
"1";"6";"12";"2015-12-17 15:09:09.703"
"1";"6";"7";"2015-12-17 15:09:09.767"
"1";"5";"29";"2015-12-17 15:09:09.812"
"1";"5";"40";"2015-12-17 15:09:09.839"
"1";"5";"37";"2015-12-17 15:09:09.859"
"1";"16";"3";"2015-12-17 15:09:09.861"
"1";"6";"30";"2015-12-17 15:09:09.881"
"1";"5";"21";"2015-12-17 15:09:09.885"
"1";"5";"23";"2015-12-17 15:09:09.913"
"1";"5";"17";"2015-12-17 15:09:09.927"
"1";"16";"12";"2015-12-17 15:09:09.928"
"1";"6";"17";"2015-12-17 15:09:09.943"
"1";"16";"9";"2015-12-17 15:09:09.96"
"1";"16";"6";"2015-12-17 15:09:09.981"
"1";"5";"25";"2015-12-17 15:09:10.063"
"1";"6";"44";"2015-12-17 15:09:10.035"
"1";"5";"45";"2015-12-17 15:09:10.064"
"1";"5";"1";"2015-12-17 15:09:10.085"
"1";"5";"5";"2015-12-17 15:09:10.091"
"1";"16";"4";"2015-12-17 15:09:10.103"
"1";"16";"14";"2015-12-17 15:09:10.15"
"1";"5";"12";"2015-12-17 15:09:10.15"
"1";"16";"0";"2015-12-17 15:09:10.313"
"1";"6";"11";"2015-12-17 15:09:10.325"
"1";"6";"17";"2015-12-17 15:09:10.392"
"1";"6";"47";"2015-12-17 15:09:10.488"
"1";"16";"8";"2015-12-17 15:09:10.588"
"1";"6";"33";"2015-12-17 15:09:10.612"
"1";"6";"8";"2015-12-17 15:09:10.626"
"1";"16";"9";"2015-12-17 15:09:10.703"
"1";"6";"6";"2015-12-17 15:09:10.702"
"1";"16";"4";"2015-12-17 15:09:10.722"
"1";"6";"43";"2015-12-17 15:09:10.723"
"1";"6";"38";"2015-12-17 15:09:10.74"
"1";"5";"42";"2015-12-17 15:09:10.76"
"1";"5";"33";"2015-12-17 15:09:10.762"
"1";"16";"11";"2015-12-17 15:09:10.764"
"1";"16";"8";"2015-12-17 15:09:10.941"
"1";"5";"47";"2015-12-17 15:09:11.018"
"1";"16";"6";"2015-12-17 15:09:11.021"
"1";"6";"1";"2015-12-17 15:09:11.05"
"1";"16";"15";"2015-12-17 15:09:11.06"
"1";"5";"2";"2015-12-17 15:09:11.064"
"1";"16";"3";"2015-12-17 15:09:11.068"
"1";"16";"7";"2015-12-17 15:09:11.085"
"1";"16";"13";"2015-12-17 15:09:11.085"
"1";"5";"22";"2015-12-17 15:09:11.094"
"1";"6";"11";"2015-12-17 15:09:11.172"
"1";"16";"15";"2015-12-17 15:09:11.226"
"1";"16";"12";"2015-12-17 15:09:11.257"
"1";"5";"12";"2015-12-17 15:09:11.286"
"1";"5";"24";"2015-12-17 15:09:11.287"
"1";"5";"25";"2015-12-17 15:09:11.327"
"1";"16";"12";"2015-12-17 15:09:11.327"
"1";"16";"15";"2015-12-17 15:09:11.429"
"1";"5";"20";"2015-12-17 15:09:11.454"
"1";"6";"34";"2015-12-17 15:09:11.546"
"1";"16";"3";"2015-12-17 15:09:11.601"
"1";"6";"43";"2015-12-17 15:09:11.673"
"1";"6";"39";"2015-12-17 15:09:11.675"
"1";"6";"24";"2015-12-17 15:09:11.74"
"1";"6";"20";"2015-12-17 15:09:11.757"
"1";"5";"3";"2015-12-17 15:09:11.793"
"1";"5";"7";"2015-12-17 15:09:11.853"
"1";"6";"21";"2015-12-17 15:09:11.87"
"1";"5";"21";"2015-12-17 15:09:11.902"
"1";"6";"16";"2015-12-17 15:09:11.956"
"1";"16";"13";"2015-12-17 15:09:11.988"
"1";"6";"15";"2015-12-17 15:09:11.99"
"1";"16";"5";"2015-12-17 15:09:12.041"
"1";"6";"16";"2015-12-17 15:09:12.066"
"1";"16";"7";"2015-12-17 15:09:12.069"
"1";"6";"11";"2015-12-17 15:09:12.186"
"1";"5";"29";"2015-12-17 15:09:12.196"
"1";"6";"35";"2015-12-17 15:09:12.236"
"1";"5";"35";"2015-12-17 15:09:12.236"
"1";"5";"39";"2015-12-17 15:09:12.379"
"1";"5";"30";"2015-12-17 15:09:12.434"
"1";"16";"1";"2015-12-17 15:09:12.444"
"1";"6";"26";"2015-12-17 15:09:12.458"
"1";"6";"21";"2015-12-17 15:09:12.517"
"1";"5";"30";"2015-12-17 15:09:12.588"
"1";"5";"47";"2015-12-17 15:09:12.609"
"1";"5";"1";"2015-12-17 15:09:12.688"
"1";"16";"5";"2015-12-17 15:09:12.721"
"1";"16";"2";"2015-12-17 15:09:12.813"
"1";"5";"44";"2015-12-17 15:09:12.862"
"1";"5";"39";"2015-12-17 15:09:12.94"
"1";"6";"6";"2015-12-17 15:09:13.023"
"1";"6";"8";"2015-12-17 15:10:55.809"
"1";"16";"11";"2015-12-17 15:10:55.809"
"1";"5";"35";"2015-12-17 15:10:55.809"
"1";"16";"8";"2015-12-17 15:10:57.019"
"1";"5";"38";"2015-12-17 15:10:57.079"
"1";"6";"22";"2015-12-17 15:10:58.166"
"1";"16";"1";"2015-12-17 15:10:58.223"
"1";"5";"47";"2015-12-17 15:10:58.343"
"1";"6";"37";"2015-12-17 15:10:59.454"
"1";"5";"36";"2015-12-17 15:10:59.454"
"1";"6";"38";"2015-12-17 15:10:59.455"
"1";"16";"11";"2015-12-17 15:10:59.455"
"1";"16";"11";"2015-12-17 15:10:59.458"
"1";"16";"11";"2015-12-17 15:10:59.461"
"1";"5";"12";"2015-12-17 15:10:59.459"
"1";"5";"13";"2015-12-17 15:10:59.462"
"1";"6";"14";"2015-12-17 15:10:59.471"
"1";"6";"15";"2015-12-17 15:10:59.472"
"1";"5";"42";"2015-12-17 15:10:59.474"
"1";"5";"1";"2015-12-17 15:10:59.484"
"1";"16";"11";"2015-12-17 15:10:59.484"
"1";"16";"11";"2015-12-17 15:10:59.494"
"1";"6";"3";"2015-12-17 15:10:59.496"
"1";"6";"26";"2015-12-17 15:10:59.499"
"1";"16";"11";"2015-12-17 15:10:59.503"
"1";"5";"25";"2015-12-17 15:10:59.506"
"1";"16";"11";"2015-12-17 15:10:59.516"
"1";"5";"2";"2015-12-17 15:10:59.524"
"1";"6";"27";"2015-12-17 15:10:59.593"
"1";"5";"7";"2015-12-17 15:10:59.593"
"1";"5";"32";"2015-12-17 15:10:59.608"
"1";"16";"11";"2015-12-17 15:10:59.617"
"1";"6";"2";"2015-12-17 15:10:59.623"
"1";"6";"27";"2015-12-17 15:10:59.624"
"1";"16";"11";"2015-12-17 15:10:59.634"
"1";"16";"11";"2015-12-17 15:10:59.636"
"1";"16";"11";"2015-12-17 15:10:59.702"
"1";"5";"5";"2015-12-17 15:10:59.703"
"1";"5";"14";"2015-12-17 15:10:59.729"
"1";"6";"33";"2015-12-17 15:10:59.764"
"1";"5";"26";"2015-12-17 15:10:59.768"
"1";"16";"11";"2015-12-17 15:10:59.768"
"1";"6";"4";"2015-12-17 15:10:59.785"
"1";"5";"31";"2015-12-17 15:10:59.787"
"1";"5";"6";"2015-12-17 15:10:59.795"
"1";"6";"20";"2015-12-17 15:10:59.842"
"1";"5";"19";"2015-12-17 15:10:59.854"
"1";"5";"1";"2015-12-17 15:10:59.856"
"1";"6";"47";"2015-12-17 15:10:59.856"
"1";"16";"11";"2015-12-17 15:10:59.856"
"1";"16";"11";"2015-12-17 15:10:59.857"
"1";"5";"26";"2015-12-17 15:10:59.857"
"1";"6";"27";"2015-12-17 15:10:59.859"
"1";"6";"8";"2015-12-17 15:10:59.86"
"1";"16";"11";"2015-12-17 15:10:59.885"
"1";"6";"37";"2015-12-17 15:10:59.897"
"1";"6";"48";"2015-12-17 15:10:59.896"
"1";"6";"21";"2015-12-17 15:10:59.956"
"1";"16";"11";"2015-12-17 15:10:59.901"
"1";"16";"11";"2015-12-17 15:10:59.958"
"1";"16";"11";"2015-12-17 15:10:59.991"
"1";"5";"40";"2015-12-17 15:10:59.979"
"1";"5";"33";"2015-12-17 15:10:59.999"
"1";"5";"45";"2015-12-17 15:11:00.016"
"1";"16";"11";"2015-12-17 15:11:00.002"
"1";"6";"16";"2015-12-17 15:11:00.025"
"1";"6";"34";"2015-12-17 15:11:00.024"
"1";"6";"47";"2015-12-17 15:11:00.023"
"1";"16";"11";"2015-12-17 15:11:00.043"
"1";"6";"28";"2015-12-17 15:11:00.069"
"1";"5";"38";"2015-12-17 15:11:00.073"
"1";"16";"11";"2015-12-17 15:11:00.073"
"1";"16";"11";"2015-12-17 15:11:00.074"
"1";"6";"43";"2015-12-17 15:11:00.072"
"1";"6";"7";"2015-12-17 15:11:00.093"
"1";"16";"11";"2015-12-17 15:11:00.133"
"1";"16";"11";"2015-12-17 15:11:00.134"
"1";"16";"11";"2015-12-17 15:11:00.134"
"1";"16";"11";"2015-12-17 15:11:00.101"
"1";"6";"10";"2015-12-17 15:11:00.133"
"1";"5";"25";"2015-12-17 15:11:00.135"
"1";"5";"32";"2015-12-17 15:11:00.136"
"1";"6";"11";"2015-12-17 15:11:00.072"
"1";"16";"11";"2015-12-17 15:11:00.136"
"1";"5";"46";"2015-12-17 15:11:00.136"
"1";"6";"17";"2015-12-17 15:11:00.098"
"1";"16";"11";"2015-12-17 15:11:00.078"
"1";"5";"22";"2015-12-17 15:11:00.099"
"1";"16";"11";"2015-12-17 15:11:00.139"
"1";"5";"21";"2015-12-17 15:11:00.129"
"1";"5";"35";"2015-12-17 15:11:00.092"
"1";"6";"23";"2015-12-17 15:11:00.163"
"1";"5";"45";"2015-12-17 15:11:00.163"
"1";"5";"41";"2015-12-17 15:11:00.233"
"1";"6";"46";"2015-12-17 15:11:00.163"
"1";"5";"0";"2015-12-17 15:11:00.179"
"1";"6";"36";"2015-12-17 15:11:00.171"
"1";"6";"24";"2015-12-17 15:11:00.17"
"1";"5";"44";"2015-12-17 15:11:00.172"
"1";"16";"11";"2015-12-17 15:11:00.239"
"1";"16";"11";"2015-12-17 15:11:00.238"
"1";"5";"15";"2015-12-17 15:11:00.239"
"1";"5";"15";"2015-12-17 15:11:00.239"
"1";"6";"17";"2015-12-17 15:11:00.238"
"1";"16";"11";"2015-12-17 15:11:00.242"
"1";"6";"40";"2015-12-17 15:11:00.517"
"1";"6";"6";"2015-12-17 15:11:00.517"
"1";"5";"32";"2015-12-17 15:11:00.567"
"1";"6";"43";"2015-12-17 15:11:00.65"
"1";"5";"44";"2015-12-17 15:11:00.773"
"1";"5";"30";"2015-12-17 15:11:00.776"
"1";"16";"0";"2015-12-17 15:11:00.834"
"1";"6";"20";"2015-12-17 15:11:00.896"
"1";"16";"8";"2015-12-17 15:11:00.898"
"1";"16";"12";"2015-12-17 15:11:00.945"
"1";"5";"3";"2015-12-17 15:11:00.95"
"1";"16";"6";"2015-12-17 15:11:01.053"
"1";"6";"18";"2015-12-17 15:11:01.06"
"1";"5";"26";"2015-12-17 15:11:01.062"
"1";"6";"34";"2015-12-17 15:11:01.062"
"1";"6";"23";"2015-12-17 15:11:01.175"
"1";"6";"43";"2015-12-17 15:11:01.176"
"1";"6";"31";"2015-12-17 15:11:01.251"
"1";"16";"15";"2015-12-17 15:11:01.298"
"1";"6";"18";"2015-12-17 15:11:01.304"
"1";"6";"25";"2015-12-17 15:11:01.304"
"1";"16";"8";"2015-12-17 15:11:01.307"
"1";"5";"10";"2015-12-17 15:11:01.36"
"1";"5";"29";"2015-12-17 15:11:01.377"
"1";"6";"48";"2015-12-17 15:11:01.419"
"1";"5";"34";"2015-12-17 15:11:01.503"
"1";"16";"6";"2015-12-17 15:11:01.509"
"1";"16";"5";"2015-12-17 15:11:01.518"
"1";"16";"5";"2015-12-17 15:11:01.537"
"1";"16";"1";"2015-12-17 15:11:01.553"
"1";"5";"10";"2015-12-17 15:11:01.558"
"1";"6";"30";"2015-12-17 15:11:01.564"
"1";"5";"14";"2015-12-17 15:11:01.6"
"1";"6";"14";"2015-12-17 15:11:01.644"
"1";"16";"4";"2015-12-17 15:11:01.65"
"1";"5";"25";"2015-12-17 15:11:01.651"
"1";"6";"16";"2015-12-17 15:11:01.677"
"1";"16";"3";"2015-12-17 15:11:01.685"
"1";"16";"0";"2015-12-17 15:11:01.693"
"1";"5";"6";"2015-12-17 15:11:01.722"
"1";"6";"49";"2015-12-17 15:11:01.723"
"1";"16";"11";"2015-12-17 15:11:01.737"
"1";"6";"21";"2015-12-17 15:11:01.741"
"1";"6";"5";"2015-12-17 15:11:01.781"
"1";"16";"2";"2015-12-17 15:11:01.799"
"1";"5";"17";"2015-12-17 15:11:01.832"
"1";"6";"28";"2015-12-17 15:11:01.839"
"1";"6";"14";"2015-12-17 15:11:01.842"
"1";"5";"23";"2015-12-17 15:11:01.86"
"1";"16";"3";"2015-12-17 15:11:01.875"
"1";"16";"8";"2015-12-17 15:11:01.887"
"1";"6";"38";"2015-12-17 15:11:01.899"
"1";"6";"27";"2015-12-17 15:11:01.9"
"1";"16";"3";"2015-12-17 15:11:01.914"
"1";"16";"13";"2015-12-17 15:11:01.916"
"1";"16";"13";"2015-12-17 15:11:01.922"
"1";"5";"38";"2015-12-17 15:11:01.947"
"1";"5";"2";"2015-12-17 15:11:01.953"
"1";"6";"45";"2015-12-17 15:11:01.981"
"1";"16";"13";"2015-12-17 15:11:01.991"
"1";"5";"2";"2015-12-17 15:11:02.054"
"1";"5";"44";"2015-12-17 15:11:02.066"
"1";"6";"42";"2015-12-17 15:11:02.078"
"1";"6";"34";"2015-12-17 15:11:02.079"
"1";"5";"28";"2015-12-17 15:11:02.089"
"1";"5";"43";"2015-12-17 15:11:02.09"
"1";"5";"25";"2015-12-17 15:11:02.098"
"1";"6";"7";"2015-12-17 15:11:02.104"
"1";"5";"39";"2015-12-17 15:11:02.129"
"1";"5";"47";"2015-12-17 15:11:02.131"
"1";"16";"5";"2015-12-17 15:11:02.163"
"1";"6";"34";"2015-12-17 15:11:02.178"
"1";"6";"20";"2015-12-17 15:11:02.209"
"1";"16";"4";"2015-12-17 15:11:02.212"
"1";"16";"10";"2015-12-17 15:11:02.223"
"1";"5";"0";"2015-12-17 15:11:02.24"
"1";"5";"41";"2015-12-17 15:11:02.248"
"1";"5";"3";"2015-12-17 15:11:02.249"
"1";"5";"20";"2015-12-17 15:11:02.267"
"1";"6";"12";"2015-12-17 15:11:02.281"
"1";"16";"3";"2015-12-17 15:11:02.282"
"1";"5";"40";"2015-12-17 15:11:02.291"
"1";"6";"44";"2015-12-17 15:11:02.293"
"1";"5";"45";"2015-12-17 15:11:02.305"
"1";"5";"0";"2015-12-17 15:11:02.312"
"1";"5";"15";"2015-12-17 15:11:02.312"
"1";"5";"1";"2015-12-17 15:11:02.326"
"1";"16";"10";"2015-12-17 15:11:02.342"
"1";"6";"3";"2015-12-17 15:11:02.361"
"1";"5";"21";"2015-12-17 15:11:02.391"
"1";"16";"11";"2015-12-17 15:11:02.404"
"1";"16";"0";"2015-12-17 15:11:02.403"
"1";"16";"1";"2015-12-17 15:11:02.406"
"1";"6";"9";"2015-12-17 15:11:02.409"
"1";"6";"36";"2015-12-17 15:11:02.456"
"1";"16";"11";"2015-12-17 15:11:02.466"
"1";"16";"8";"2015-12-17 15:11:02.476"
"1";"16";"6";"2015-12-17 15:11:02.532"
"1";"5";"5";"2015-12-17 15:11:02.557"
"1";"5";"39";"2015-12-17 15:11:02.582"
"1";"16";"10";"2015-12-17 15:11:02.61"
"1";"6";"44";"2015-12-17 15:11:02.644"
"1";"5";"17";"2015-12-17 15:11:02.648"
"1";"6";"17";"2015-12-17 15:11:02.652"
"1";"6";"11";"2015-12-17 15:11:02.666"
"1";"6";"35";"2015-12-17 15:11:02.686"
"1";"6";"26";"2015-12-17 15:11:02.71"
"1";"16";"14";"2015-12-17 15:11:02.735"
"1";"6";"17";"2015-12-17 15:11:02.757"
"1";"5";"17";"2015-12-17 15:11:02.845"
"1";"16";"5";"2015-12-17 15:11:02.854"
"1";"16";"15";"2015-12-17 15:11:02.856"
"1";"16";"13";"2015-12-17 15:11:02.868"
"1";"6";"35";"2015-12-17 15:11:02.878"
"1";"6";"9";"2015-12-17 15:11:02.949"
"1";"5";"12";"2015-12-17 15:11:02.958"
"1";"5";"33";"2015-12-17 15:11:02.964"
"1";"16";"6";"2015-12-17 15:11:02.967"
"1";"5";"19";"2015-12-17 15:11:02.977"
"1";"16";"14";"2015-12-17 15:11:03.066"
"1";"5";"15";"2015-12-17 15:11:03.097"
"1";"6";"7";"2015-12-17 15:11:03.101"
"1";"16";"3";"2015-12-17 15:11:03.102"
"1";"6";"47";"2015-12-17 15:11:03.113"
"1";"16";"15";"2015-12-17 15:11:03.154"
"1";"5";"12";"2015-12-17 15:11:03.197"
"1";"16";"9";"2015-12-17 15:11:03.208"
"1";"6";"21";"2015-12-17 15:11:03.208"
"1";"6";"47";"2015-12-17 15:11:03.26"
"1";"6";"33";"2015-12-17 15:11:03.259"
"1";"16";"12";"2015-12-17 15:11:03.326"
"1";"6";"38";"2015-12-17 15:11:03.433"
"1";"5";"21";"2015-12-17 15:11:03.441"
"1";"16";"15";"2015-12-17 15:11:03.529"
"1";"16";"10";"2015-12-17 15:11:03.614"
"1";"16";"9";"2015-12-17 15:11:03.619"
"1";"6";"43";"2015-12-17 15:11:03.635"
"1";"6";"6";"2015-12-17 15:11:03.639"
"1";"6";"43";"2015-12-17 15:11:03.702"
"1";"6";"48";"2015-12-17 15:11:03.723"
"1";"16";"12";"2015-12-17 15:11:03.725"
"1";"5";"35";"2015-12-17 15:11:03.75"
"1";"5";"34";"2015-12-17 15:11:03.838"
"1";"16";"12";"2015-12-17 15:11:03.839"
"1";"16";"7";"2015-12-17 15:11:03.859"
"1";"6";"8";"2015-12-17 15:11:03.892"
"1";"6";"39";"2015-12-17 15:11:03.898"
"1";"16";"12";"2015-12-17 15:11:03.923"
"1";"6";"26";"2015-12-17 15:11:03.985"
"1";"5";"30";"2015-12-17 15:11:04.016"
"1";"5";"49";"2015-12-17 15:11:04.036"
"1";"5";"37";"2015-12-17 15:11:04.095"
"1";"16";"3";"2015-12-17 15:11:04.133"
"1";"16";"0";"2015-12-17 15:11:04.132"
"1";"16";"6";"2015-12-17 15:11:04.329"
"1";"5";"22";"2015-12-17 15:11:04.343"
"1";"5";"1";"2015-12-17 15:11:04.35"
"1";"6";"11";"2015-12-17 15:11:04.35"
"1";"16";"8";"2015-12-17 15:11:04.348"
"1";"5";"24";"2015-12-17 15:11:04.384"
"1";"5";"47";"2015-12-17 15:11:04.391"
"1";"6";"21";"2015-12-17 15:11:04.394"
"1";"5";"30";"2015-12-17 15:11:04.42"
"1";"16";"2";"2015-12-17 15:11:04.496"
"1";"5";"44";"2015-12-17 15:11:04.548"
"1";"5";"42";"2015-12-17 15:11:04.555"
"1";"5";"1";"2015-12-17 15:11:04.617"
"1";"5";"6";"2015-12-17 15:11:04.627"
"1";"16";"8";"2015-12-17 15:11:04.644"
"1";"5";"3";"2015-12-17 15:11:04.647"
"1";"6";"20";"2015-12-17 15:11:04.656"
"1";"6";"24";"2015-12-17 15:11:04.702"
"1";"5";"33";"2015-12-17 15:11:04.767"
"1";"16";"7";"2015-12-17 15:11:04.79"
"1";"16";"5";"2015-12-17 15:11:04.82"
"1";"5";"17";"2015-12-17 15:11:04.857"
"1";"6";"11";"2015-12-17 15:11:04.881"
"1";"16";"4";"2015-12-17 15:11:04.979"
"1";"5";"25";"2015-12-17 15:11:05.018"
"1";"5";"39";"2015-12-17 15:11:05.045"
"1";"16";"14";"2015-12-17 15:11:05.169"
"1";"5";"25";"2015-12-17 15:11:05.241"
"1";"16";"13";"2015-12-17 15:11:05.3"
"1";"6";"15";"2015-12-17 15:11:05.302"
"1";"6";"6";"2015-12-17 15:11:05.389"
"1";"6";"1";"2015-12-17 15:11:05.416"
"1";"16";"15";"2015-12-17 15:11:05.546"
"1";"5";"29";"2015-12-17 15:11:05.695"
"1";"6";"16";"2015-12-17 15:11:05.726"
"1";"5";"7";"2015-12-17 15:11:05.783"
"1";"5";"29";"2015-12-17 15:11:05.958"
"1";"16";"4";"2015-12-17 15:11:05.97"
"1";"6";"38";"2015-12-17 15:11:05.988"
"1";"6";"24";"2015-12-17 15:11:06.045"
"1";"16";"13";"2015-12-17 15:11:06.147"
